iter	Accuracy	MultiClass
0	0.7288548132	1.461104004
